{
  "mappings" : [ {
    "id" : "e9061a41-84ca-4c27-bc2e-bba66eae3e5a",
    "name" : "List aggregate delivery data for the given Android application.",
    "request" : {
      "urlPath" : "/v1beta1/5e9o2fd25uefa82od8nrcyo6izb857n8qr2zx940b7oygdvq2saodx21x54febk97fddxyq4gg924ypfeu3ed/deliveryData",
      "method" : "GET"
    },
    "response" : {
      "status" : 200,
      "body" : "{\n  \"nextPageToken\" : \"4rrtjz8xwpe9xsrw92mj2y4okrw6m571rjn42o9jne26dlzx4sxp8a4eocke1wvwgb6r7k65h9fuwqz6rk6ymkqwllrpjc52vgp34bru6ttn0z9gnr0q9ajh8qt5tzb5c2gk2a4f6zjy3ckfrg09pmy6\",\n  \"androidDeliveryData\" : [ {\n    \"date\" : {\n      \"month\" : 651580907,\n      \"year\" : 1577724800,\n      \"day\" : 1813951870\n    },\n    \"data\" : {\n      \"countMessagesAccepted\" : \"qqqyjzxr5b1o1pw80mpiqssgyb5i6ouslvbqyzttr2nq8bmgbnsvlj0kurwxetrdwitl5m6eq3of2fj0vszp\",\n      \"messageOutcomePercents\" : {\n        \"droppedTooManyPendingMessages\" : 1.8829796849826285E37,\n        \"pending\" : 2.4020451246923818E38,\n        \"droppedAppForceStopped\" : 1.5665527784219946E38,\n        \"delivered\" : 1.1546590267997583E38,\n        \"droppedDeviceInactive\" : 5.213696469685944E37\n      },\n      \"deliveryPerformancePercents\" : {\n        \"deliveredNoDelay\" : 2.507537223687391E38,\n        \"delayedUserStopped\" : 5.803457832371201E37,\n        \"delayedMessageThrottled\" : 2.4245569750364432E38,\n        \"delayedDeviceDoze\" : 2.7790053533611487E38,\n        \"delayedDeviceOffline\" : 3.3150838878499677E38\n      },\n      \"messageInsightPercents\" : {\n        \"priorityLowered\" : 7.318726868981873E37\n      }\n    },\n    \"analyticsLabel\" : \"explicabo\",\n    \"appId\" : \"55t8\"\n  }, {\n    \"date\" : {\n      \"month\" : 577965558,\n      \"year\" : 1433013488,\n      \"day\" : 1779317702\n    },\n    \"data\" : {\n      \"countMessagesAccepted\" : \"6ssuqjcmaio79dhzqx9338yfh6mm0srzzjmyaj6gohxb3y6owvva3vfg0cl78mnbbduk0arpiduuqanzym5dx6\",\n      \"messageOutcomePercents\" : {\n        \"droppedTooManyPendingMessages\" : 3.955566625471885E37,\n        \"pending\" : 1.2917796579814392E38,\n        \"droppedAppForceStopped\" : 2.601410702808492E38,\n        \"delivered\" : 8.092479322843025E36,\n        \"droppedDeviceInactive\" : 2.5489214847939947E38\n      },\n      \"deliveryPerformancePercents\" : {\n        \"deliveredNoDelay\" : 2.604119816287913E38,\n        \"delayedUserStopped\" : 1.3173991858411841E38,\n        \"delayedMessageThrottled\" : 2.1753265483607438E38,\n        \"delayedDeviceDoze\" : 1.5738404127514548E38,\n        \"delayedDeviceOffline\" : 6.993866223285398E37\n      },\n      \"messageInsightPercents\" : {\n        \"priorityLowered\" : 2.7966449077133213E38\n      }\n    },\n    \"analyticsLabel\" : \"eeeet\",\n    \"appId\" : \"l4lc\"\n  }, {\n    \"date\" : {\n      \"month\" : 1789011817,\n      \"year\" : 1377635676,\n      \"day\" : 1176759012\n    },\n    \"data\" : {\n      \"countMessagesAccepted\" : \"9jcilrawxig4hdsup4z09ekenui4fuh1ad6xweib8d42uddjgjdt65owxg7mslg8pimxmuq6nqfywkwpcig1qntgprxt3s1pz5wejn0gd3uouwsqaa3ff8mpwv5npzt8pvgjhlh1ccvk12v\",\n      \"messageOutcomePercents\" : {\n        \"droppedTooManyPendingMessages\" : 6.243532797568892E37,\n        \"pending\" : 6.007629437364948E36,\n        \"droppedAppForceStopped\" : 2.6502700237315427E38,\n        \"delivered\" : 2.217259565451654E38,\n        \"droppedDeviceInactive\" : 2.0735711836213418E38\n      },\n      \"deliveryPerformancePercents\" : {\n        \"deliveredNoDelay\" : 2.2052615988310495E37,\n        \"delayedUserStopped\" : 7.425044678025635E37,\n        \"delayedMessageThrottled\" : 8.979188860622508E37,\n        \"delayedDeviceDoze\" : 2.0368420599866514E38,\n        \"delayedDeviceOffline\" : 1.1568510437097522E38\n      },\n      \"messageInsightPercents\" : {\n        \"priorityLowered\" : 1.0547248223893672E37\n      }\n    },\n    \"analyticsLabel\" : \"nihil\",\n    \"appId\" : \"1y41\"\n  }, {\n    \"date\" : {\n      \"month\" : 1953095165,\n      \"year\" : 1781398941,\n      \"day\" : 1940964210\n    },\n    \"data\" : {\n      \"countMessagesAccepted\" : \"sphs2pmqfrfrfm5go10exrki50yr8lty1aia8hlkf7puwm8bya9ih0zwvxjl665b0dk6j80ztp6ov932e7l2b6jy2fsjq1084dn25ifklbtrmc3veg1oioq3xemxdtiy0848quijbg6592onh6cqzrqgzuwkmej9\",\n      \"messageOutcomePercents\" : {\n        \"droppedTooManyPendingMessages\" : 2.918869223526994E38,\n        \"pending\" : 1.6625319422531366E38,\n        \"droppedAppForceStopped\" : 3.394450881190658E38,\n        \"delivered\" : 3.0453789676721252E38,\n        \"droppedDeviceInactive\" : 2.0901084057845723E38\n      },\n      \"deliveryPerformancePercents\" : {\n        \"deliveredNoDelay\" : 1.8227879834157496E38,\n        \"delayedUserStopped\" : 3.0393770963704267E38,\n        \"delayedMessageThrottled\" : 1.888526643075856E38,\n        \"delayedDeviceDoze\" : 1.2145761318866434E38,\n        \"delayedDeviceOffline\" : 2.2540101173263095E38\n      },\n      \"messageInsightPercents\" : {\n        \"priorityLowered\" : 5.042148566726332E37\n      }\n    },\n    \"analyticsLabel\" : \"assumenda\",\n    \"appId\" : \"340g\"\n  }, {\n    \"date\" : {\n      \"month\" : 2124716321,\n      \"year\" : 992597965,\n      \"day\" : 322776314\n    },\n    \"data\" : {\n      \"countMessagesAccepted\" : \"cay83xmq1aqzcw5ibj0rrj9ockkhwfjpuke7t0gro9druoauyvv551uj5n662dqh5ex0sa4\",\n      \"messageOutcomePercents\" : {\n        \"droppedTooManyPendingMessages\" : 1.3494510734208855E38,\n        \"pending\" : 1.9146401650376237E38,\n        \"droppedAppForceStopped\" : 9.210799702445939E37,\n        \"delivered\" : 1.888588375087503E38,\n        \"droppedDeviceInactive\" : 2.101451232156823E37\n      },\n      \"deliveryPerformancePercents\" : {\n        \"deliveredNoDelay\" : 1.8995303200911675E38,\n        \"delayedUserStopped\" : 8.404727240030913E37,\n        \"delayedMessageThrottled\" : 2.724696302085166E38,\n        \"delayedDeviceDoze\" : 3.1652412649870864E37,\n        \"delayedDeviceOffline\" : 3.1448887543331896E38\n      },\n      \"messageInsightPercents\" : {\n        \"priorityLowered\" : 1.5596500950441228E38\n      }\n    },\n    \"analyticsLabel\" : \"eius\",\n    \"appId\" : \"eo4v\"\n  } ]\n}",
      "headers" : {
        "Content-Type" : "application/json"
      }
    },
    "uuid" : "e9061a41-84ca-4c27-bc2e-bba66eae3e5a",
    "persistent" : true,
    "metadata" : {
      "mocklab" : {
        "created" : {
          "at" : "2023-03-13T12:20:03.894161Z",
          "via" : "OAS3_IMPORT"
        },
        "oas" : {
          "operationId" : "fcmdata.projects.androidApps.deliveryData.list",
          "schema" : {
            "description" : "Response message for ListAndroidDeliveryData.",
            "properties" : {
              "androidDeliveryData" : {
                "description" : "The delivery data for the provided app. There will be one entry per combination of app, date, and analytics label.",
                "items" : {
                  "$ref" : "#/components/schemas/GoogleFirebaseFcmDataV1beta1AndroidDeliveryData"
                },
                "type" : "array"
              },
              "nextPageToken" : {
                "description" : "A token, which can be sent as `page_token` to retrieve the next page. If this field is omitted, there are no subsequent pages.",
                "type" : "string"
              }
            },
            "type" : "object"
          }
        }
      }
    },
    "insertionIndex" : 0
  } ]
}