{
  "mappings" : [ {
    "id" : "4aa1cf7d-560c-3afd-b93f-4a1fdb9626c6",
    "name" : "List aggregate delivery data for the given Android application.",
    "request" : {
      "urlPath" : "/v1beta1/ty6ef729sr7mkqq8l7i656oj5brayi6nzabukx1p2he04/deliveryData",
      "method" : "GET"
    },
    "response" : {
      "status" : 200,
      "body" : "{\n  \"nextPageToken\" : \"qufvznzk22070khgs4u6j4f93k56u3f8bt6wh99kr5191c9ny8mcfzycbk3l702bt8xp6j3qzswjmgquyqy3fczrywoaekxo476o74o8gc9\",\n  \"androidDeliveryData\" : [ {\n    \"date\" : {\n      \"month\" : 1683611657,\n      \"year\" : 1556886773,\n      \"day\" : 2115184768\n    },\n    \"data\" : {\n      \"countMessagesAccepted\" : \"66i5lvs3403arjvr626kfarn6jsy50tmmra5yyjj4x61n\",\n      \"messageOutcomePercents\" : {\n        \"droppedTooManyPendingMessages\" : 1.2552706423470443E38,\n        \"pending\" : 3.9385952596685105E37,\n        \"droppedAppForceStopped\" : 2.8097781616903432E38,\n        \"delivered\" : 2.1133877011902624E38,\n        \"droppedDeviceInactive\" : 2.7036508263299886E38\n      },\n      \"deliveryPerformancePercents\" : {\n        \"deliveredNoDelay\" : 1.243459087068982E38,\n        \"delayedUserStopped\" : 9.935124620396782E37,\n        \"delayedMessageThrottled\" : 4.311659322702965E37,\n        \"delayedDeviceDoze\" : 2.6349227577947966E38,\n        \"delayedDeviceOffline\" : 1.1901959928838079E38\n      },\n      \"messageInsightPercents\" : {\n        \"priorityLowered\" : 2.2133505007383132E38\n      }\n    },\n    \"analyticsLabel\" : \"commodi\",\n    \"appId\" : \"4382\"\n  }, {\n    \"date\" : {\n      \"month\" : 401456654,\n      \"year\" : 889619052,\n      \"day\" : 428240554\n    },\n    \"data\" : {\n      \"countMessagesAccepted\" : \"cbt\",\n      \"messageOutcomePercents\" : {\n        \"droppedTooManyPendingMessages\" : 2.4392079019962634E38,\n        \"pending\" : 6.350987486143388E37,\n        \"droppedAppForceStopped\" : 2.3429335342386304E38,\n        \"delivered\" : 2.49030199768445E38,\n        \"droppedDeviceInactive\" : 2.2648104689164637E38\n      },\n      \"deliveryPerformancePercents\" : {\n        \"deliveredNoDelay\" : 1.3922894077037294E38,\n        \"delayedUserStopped\" : 9.672654922516146E37,\n        \"delayedMessageThrottled\" : 3.2182713698097536E38,\n        \"delayedDeviceDoze\" : 1.6227004024747975E38,\n        \"delayedDeviceOffline\" : 2.8447087330744195E38\n      },\n      \"messageInsightPercents\" : {\n        \"priorityLowered\" : 2.7234114141591157E38\n      }\n    },\n    \"analyticsLabel\" : \"nihil\",\n    \"appId\" : \"w02q\"\n  }, {\n    \"date\" : {\n      \"month\" : 266298174,\n      \"year\" : 509289141,\n      \"day\" : 195693091\n    },\n    \"data\" : {\n      \"countMessagesAccepted\" : \"ux4krc9fpl5ypyu08ry4onus0se8p43okzgalbywjaaqrrulkyps0e5g41bo5bweffeqknv8mr0872mvqph5bplzn4ypxgx05ncrwakxvtp58dwu2yiow5f3tdbfh58tsiqj8nce07vdbi6ecl84swz2eiaewbeybhq\",\n      \"messageOutcomePercents\" : {\n        \"droppedTooManyPendingMessages\" : 1.057691515537716E38,\n        \"pending\" : 7.256482028512275E37,\n        \"droppedAppForceStopped\" : 9.915849838828195E37,\n        \"delivered\" : 2.619788906411617E38,\n        \"droppedDeviceInactive\" : 2.5577571762583833E38\n      },\n      \"deliveryPerformancePercents\" : {\n        \"deliveredNoDelay\" : 6.591589717760546E37,\n        \"delayedUserStopped\" : 2.8503753248161405E38,\n        \"delayedMessageThrottled\" : 6.597480402173771E37,\n        \"delayedDeviceDoze\" : 3.3880748250200982E38,\n        \"delayedDeviceOffline\" : 2.7340534792075142E38\n      },\n      \"messageInsightPercents\" : {\n        \"priorityLowered\" : 9.409139137731784E37\n      }\n    },\n    \"analyticsLabel\" : \"assumenda\",\n    \"appId\" : \"k57f\"\n  }, {\n    \"date\" : {\n      \"month\" : 1973536378,\n      \"year\" : 1179438328,\n      \"day\" : 2053932282\n    },\n    \"data\" : {\n      \"countMessagesAccepted\" : \"j3g44zon9m46w4ln4v9tmkssmxzjxuphlfh52wi1sgjj2lwpvwhegta2u5b4mgz8az9gyae0hsu9nzx7l8y7b8kk9hy244l1pjz09o3xo0wm44d355n\",\n      \"messageOutcomePercents\" : {\n        \"droppedTooManyPendingMessages\" : 2.518729983254977E38,\n        \"pending\" : 1.5131424351065464E38,\n        \"droppedAppForceStopped\" : 1.9550820506325345E38,\n        \"delivered\" : 1.2296953980116662E38,\n        \"droppedDeviceInactive\" : 2.0781470552257334E38\n      },\n      \"deliveryPerformancePercents\" : {\n        \"deliveredNoDelay\" : 3.3562511697017264E38,\n        \"delayedUserStopped\" : 2.3328773923721206E38,\n        \"delayedMessageThrottled\" : 1.1863344268957984E38,\n        \"delayedDeviceDoze\" : 1.783334736252313E38,\n        \"delayedDeviceOffline\" : 3.870698371934667E37\n      },\n      \"messageInsightPercents\" : {\n        \"priorityLowered\" : 2.263160018081656E38\n      }\n    },\n    \"analyticsLabel\" : \"vel\",\n    \"appId\" : \"g6r2\"\n  }, {\n    \"date\" : {\n      \"month\" : 1863640324,\n      \"year\" : 171303203,\n      \"day\" : 657409140\n    },\n    \"data\" : {\n      \"countMessagesAccepted\" : \"jyd5kg7hw9orsj7qjf200ywibo8ct55xrsasaexz97tta0i7el7okrudqmmn19q023ee2u0wijyvswfx3yn5hrjuopipi\",\n      \"messageOutcomePercents\" : {\n        \"droppedTooManyPendingMessages\" : 1.6532881665498244E38,\n        \"pending\" : 1.0231036753133475E38,\n        \"droppedAppForceStopped\" : 3.3956947121904473E38,\n        \"delivered\" : 2.3762475357612007E38,\n        \"droppedDeviceInactive\" : 1.7393044625524283E38\n      },\n      \"deliveryPerformancePercents\" : {\n        \"deliveredNoDelay\" : 1.6862601485327307E38,\n        \"delayedUserStopped\" : 1.5252531814603037E38,\n        \"delayedMessageThrottled\" : 1.5892638753054098E38,\n        \"delayedDeviceDoze\" : 3.0700931415164637E38,\n        \"delayedDeviceOffline\" : 1.4177510539264314E38\n      },\n      \"messageInsightPercents\" : {\n        \"priorityLowered\" : 2.5430742318394764E38\n      }\n    },\n    \"analyticsLabel\" : \"fugiat\",\n    \"appId\" : \"r5zn\"\n  }, {\n    \"date\" : {\n      \"month\" : 547338825,\n      \"year\" : 1982739862,\n      \"day\" : 1812455511\n    },\n    \"data\" : {\n      \"countMessagesAccepted\" : \"owgld5yojtloqca3nto1vl8z3erxjn6wgmluvdcv1ti0i3vf3tljvpjsp67ns0ang6fym2532xlttnn\",\n      \"messageOutcomePercents\" : {\n        \"droppedTooManyPendingMessages\" : 3.1752194523741352E38,\n        \"pending\" : 3.1614300686141775E38,\n        \"droppedAppForceStopped\" : 2.785201824368908E36,\n        \"delivered\" : 2.88903439085978E38,\n        \"droppedDeviceInactive\" : 2.288936775358995E38\n      },\n      \"deliveryPerformancePercents\" : {\n        \"deliveredNoDelay\" : 2.7994622819713203E38,\n        \"delayedUserStopped\" : 1.5409641686438604E38,\n        \"delayedMessageThrottled\" : 8.944397512449865E37,\n        \"delayedDeviceDoze\" : 2.748419244486861E38,\n        \"delayedDeviceOffline\" : 3.543576717871695E37\n      },\n      \"messageInsightPercents\" : {\n        \"priorityLowered\" : 2.9608719322454366E37\n      }\n    },\n    \"analyticsLabel\" : \"eveniet\",\n    \"appId\" : \"3hey\"\n  } ]\n}",
      "headers" : {
        "Content-Type" : "application/json"
      }
    },
    "uuid" : "4aa1cf7d-560c-3afd-b93f-4a1fdb9626c6",
    "persistent" : true,
    "metadata" : {
      "mocklab" : {
        "oas" : {
          "operationId" : "fcmdata.projects.androidApps.deliveryData.list",
          "schema" : {
            "description" : "Response message for ListAndroidDeliveryData.",
            "properties" : {
              "androidDeliveryData" : {
                "description" : "The delivery data for the provided app. There will be one entry per combination of app, date, and analytics label.",
                "items" : {
                  "$ref" : "#/components/schemas/GoogleFirebaseFcmDataV1beta1AndroidDeliveryData"
                },
                "type" : "array"
              },