{
  "mappings" : [ {
    "id" : "87975d6d-fc14-4863-86e8-6f7205544666",
    "name" : "List aggregate delivery data for the given Android application.",
    "request" : {
      "urlPath" : "/v1beta1/2k6ro4iehgt1wkrh8nwtd2k435oatgsc73qdly6bwwry2b72aeskaxrru218u5c6w3ftrk/deliveryData",
      "method" : "GET"
    },
    "response" : {
      "status" : 200,
      "body" : "{\n  \"nextPageToken\" : \"6p86itjgrkpwfk52kh5\",\n  \"androidDeliveryData\" : [ {\n    \"date\" : {\n      \"month\" : 562367031,\n      \"year\" : 142892039,\n      \"day\" : 1474107341\n    },\n    \"data\" : {\n      \"countMessagesAccepted\" : \"uphvrkp1ox2iv4nziqzqd63ymuw3ecjqmwcv0vwu\",\n      \"messageOutcomePercents\" : {\n        \"droppedTooManyPendingMessages\" : 2.0428442083905288E38,\n        \"pending\" : 1.1446092807642692E38,\n        \"droppedAppForceStopped\" : 2.7077843277227257E38,\n        \"delivered\" : 3.023946653191517E38,\n        \"droppedDeviceInactive\" : 2.138925223348887E37\n      },\n      \"deliveryPerformancePercents\" : {\n        \"deliveredNoDelay\" : 3.4820145279155113E37,\n        \"delayedUserStopped\" : 2.207130519889891E38,\n        \"delayedMessageThrottled\" : 2.1499455748062775E38,\n        \"delayedDeviceDoze\" : 1.5844643872508532E38,\n        \"delayedDeviceOffline\" : 1.3817198443095357E38\n      },\n      \"messageInsightPercents\" : {\n        \"priorityLowered\" : 2.3734243126713994E38\n      }\n    },\n    \"analyticsLabel\" : \"vel\",\n    \"appId\" : \"7u7a\"\n  }, {\n    \"date\" : {\n      \"month\" : 1327122201,\n      \"year\" : 1119749136,\n      \"day\" : 442865030\n    },\n    \"data\" : {\n      \"countMessagesAccepted\" : \"j37ik3ytjmw4r3zy79xmh3e65gs6zvalyzwzoql3347wirg4u5t4xq8jphz5v2tj66imiuai1xn6o2mql35x690sasangucns3wmq8w02rtau3j5bxn1i74gw81iu9ker7znwf325oy5qjmtxd1c3okhafohh6zs0bw104r\",\n      \"messageOutcomePercents\" : {\n        \"droppedTooManyPendingMessages\" : 2.635186856998563E38,\n        \"pending\" : 5.5202973346716065E37,\n        \"droppedAppForceStopped\" : 1.4119845251236437E37,\n        \"delivered\" : 3.1529192172984567E38,\n        \"droppedDeviceInactive\" : 9.208607907847327E37\n      },\n      \"deliveryPerformancePercents\" : {\n        \"deliveredNoDelay\" : 2.2372888490154545E38,\n        \"delayedUserStopped\" : 3.3869559550354444E37,\n        \"delayedMessageThrottled\" : 2.7549090944592695E38,\n        \"delayedDeviceDoze\" : 8.732903392834533E37,\n        \"delayedDeviceOffline\" : 2.7679617505943523E38\n      },\n      \"messageInsightPercents\" : {\n        \"priorityLowered\" : 2.5505636769075213E37\n      }\n    },\n    \"analyticsLabel\" : \"qui\",\n    \"appId\" : \"29su\"\n  }, {\n    \"date\" : {\n      \"month\" : 2014885723,\n      \"year\" : 1985506755,\n      \"day\" : 1381449349\n    },\n    \"data\" : {\n      \"countMessagesAccepted\" : \"7r0eb4hgsid94bbcml843tqp5blu7xb13p3bdh3iom2x3d572b57wrjsd69xdi1soo0kpxz6ycelqybuti3b5d9mavnjhwkkaa41gqzg62q6rzdgz8utp7fxybewpcy19\",\n      \"messageOutcomePercents\" : {\n        \"droppedTooManyPendingMessages\" : 4.647107058935711E37,\n        \"pending\" : 9.348151375398304E37,\n        \"droppedAppForceStopped\" : 1.9505411245319816E38,\n        \"delivered\" : 1.9699118541199744E38,\n        \"droppedDeviceInactive\" : 2.175505288968354E38\n      },\n      \"deliveryPerformancePercents\" : {\n        \"deliveredNoDelay\" : 3.2589284923671654E38,\n        \"delayedUserStopped\" : 2.0039346252663536E38,\n        \"delayedMessageThrottled\" : 2.109221080987459E38,\n        \"delayedDeviceDoze\" : 2.9952779228581838E38,\n        \"delayedDeviceOffline\" : 1.6224715823328614E38\n      },\n      \"messageInsightPercents\" : {\n        \"priorityLowered\" : 6.858105156932408E37\n      }\n    },\n    \"analyticsLabel\" : \"quia\",\n    \"appId\" : \"v657\"\n  }, {\n    \"date\" : {\n      \"month\" : 1895452732,\n      \"year\" : 6164555,\n      \"day\" : 1678662897\n    },\n    \"data\" : {\n      \"countMessagesAccepted\" : \"jggkcsi8bwf9fex9ufxd59tny07hxaq5\",\n      \"messageOutcomePercents\" : {\n        \"droppedTooManyPendingMessages\" : 1.4122376623910756E38,\n        \"pending\" : 1.660703304543768E38,\n        \"droppedAppForceStopped\" : 1.557834769717468E38,\n        \"delivered\" : 1.4948452460204844E38,\n        \"droppedDeviceInactive\" : 1.8173782324071277E38\n      },\n      \"deliveryPerformancePercents\" : {\n        \"deliveredNoDelay\" : 2.113425141432104E36,\n        \"delayedUserStopped\" : 6.441969913141274E37,\n        \"delayedMessageThrottled\" : 4.8501382758101E37,\n        \"delayedDeviceDoze\" : 1.4001001417518871E38,\n        \"delayedDeviceOffline\" : 6.89853671379688E37\n      },\n      \"messageInsightPercents\" : {\n        \"priorityLowered\" : 3.149083776194311E38\n      }\n    },\n    \"analyticsLabel\" : \"itaque\",\n    \"appId\" : \"d718\"\n  } ]\n}",
      "headers" : {
        "Content-Type" : "application/json"
      }
    },
    "uuid" : "87975d6d-fc14-4863-86e8-6f7205544666",
    "persistent" : true,
    "metadata" : {
      "mocklab" : {
        "created" : {
          "at" : "2023-03-23T15:41:42.02704Z",
          "via" : "OAS3_IMPORT"
        },
        "oas" : {
          "operationId" : "fcmdata.projects.androidApps.deliveryData.list",
          "schema" : {
            "description" : "Response message for ListAndroidDeliveryData.",
            "properties" : {
              "androidDeliveryData" : {
                "description" : "The delivery data for the provided app. There will be one entry per combination of app, date, and analytics label.",
                "items" : {
                  "$ref" : "#/components/schemas/GoogleFirebaseFcmDataV1beta1AndroidDeliveryData"
                },
                "type" : "array"
              },
              "nextPageToken" : {
                "description" : "A token, which can be sent as `page_token` to retrieve the next page. If this field is omitted, there are no subsequent pages.",
                "type" : "string"
              }
            },
            "type" : "object"
          }
        }
      }
    },
    "insertionIndex" : 0
  } ]
}