{
  "mappings" : [ {
    "id" : "ddd146fb-bc7b-4530-bb41-3f351eaef31f",
    "name" : "List aggregate delivery data for the given Android application.",
    "request" : {
      "urlPath" : "/v1beta1/sioegrgfi93zgwd36q688y6tb89g5isny5bbmcgwwflthouz72a5t28ys7piarho7s89mhkjghp0oyoilzpop1crfk2gtyqx8p374yhyv74hng4ul2seexauw8cdoshikqfuoq9jnpi0gfkciuyvu7m5saj2lpczfisii7uckf2s5jul5fgui646ee67ylysae0ien/deliveryData",
      "method" : "GET"
    },
    "response" : {
      "status" : 200,
      "body" : "{\n  \"nextPageToken\" : \"aofes8b5dm3uvsbv5ou592u67zod8qxexj8jcq7ot6j9ncv9fs9z6u\",\n  \"androidDeliveryData\" : [ {\n    \"date\" : {\n      \"month\" : 1465365966,\n      \"year\" : 784200068,\n      \"day\" : 615150004\n    },\n    \"data\" : {\n      \"countMessagesAccepted\" : \"9f1g7dzto21ul65fpdwnvq14h4oshsmjrukr91vhyu2d3vfilhtrpc0mp13kzfbmdlgajvlub81mehplv0ubt8jyqpkclo1vk2agbyu240s28vu\",\n      \"messageOutcomePercents\" : {\n        \"droppedTooManyPendingMessages\" : 1.3069834620302926E38,\n        \"pending\" : 2.870375021110316E38,\n        \"droppedAppForceStopped\" : 2.2104690584033147E38,\n        \"delivered\" : 7.569153002269041E37,\n        \"droppedDeviceInactive\" : 2.82442581915419E38\n      },\n      \"deliveryPerformancePercents\" : {\n        \"deliveredNoDelay\" : 3.0960319938141328E38,\n        \"delayedUserStopped\" : 2.8378818500339285E38,\n        \"delayedMessageThrottled\" : 2.946391925229179E38,\n        \"delayedDeviceDoze\" : 1.8128035139115405E38,\n        \"delayedDeviceOffline\" : 3.3472562663535925E38\n      },\n      \"messageInsightPercents\" : {\n        \"priorityLowered\" : 3.2016030157650797E38\n      }\n    },\n    \"analyticsLabel\" : \"repellendus\",\n    \"appId\" : \"65ie\"\n  }, {\n    \"date\" : {\n      \"month\" : 1172884536,\n      \"year\" : 2011662450,\n      \"day\" : 688584693\n    },\n    \"data\" : {\n      \"countMessagesAccepted\" : \"bvzbpzm3b1web93bgumm0u7gp3lfcqi32wom6zeq7fyov6hqijr6mmh7zu1i3nddrqd45cnh43cptwedxu4knhbfv7372ntv44h961qrcz7f7kmmongapyx5i7wzecejoiku5rcyl8fhrutnhz0qhte9i73kb4gabnvuxl\",\n      \"messageOutcomePercents\" : {\n        \"droppedTooManyPendingMessages\" : 1.6989727338990032E38,\n        \"pending\" : 1.1966197965603411E38,\n        \"droppedAppForceStopped\" : 1.4542721744255416E38,\n        \"delivered\" : 2.428773669536952E38,\n        \"droppedDeviceInactive\" : 1.7477870382632565E38\n      },\n      \"deliveryPerformancePercents\" : {\n        \"deliveredNoDelay\" : 3.317550881115803E38,\n        \"delayedUserStopped\" : 1.7859086303967735E37,\n        \"delayedMessageThrottled\" : 1.5578618868048913E38,\n        \"delayedDeviceDoze\" : 2.6461976299941105E38,\n        \"delayedDeviceOffline\" : 7.584898887925208E37\n      },\n      \"messageInsightPercents\" : {\n        \"priorityLowered\" : 3.047957494483968E38\n      }\n    },\n    \"analyticsLabel\" : \"eeeea\",\n    \"appId\" : \"w3d2\"\n  } ]\n}",
      "headers" : {
        "Content-Type" : "application/json"
      }
    },
    "uuid" : "ddd146fb-bc7b-4530-bb41-3f351eaef31f",
    "persistent" : true,
    "metadata" : {
      "mocklab" : {
        "created" : {
          "at" : "2023-03-03T14:19:23.890851Z",
          "via" : "OAS3_IMPORT"
        },
        "oas" : {
          "operationId" : "fcmdata.projects.androidApps.deliveryData.list",
          "schema" : {
            "description" : "Response message for ListAndroidDeliveryData.",
            "properties" : {
              "androidDeliveryData" : {
                "description" : "The delivery data for the provided app. There will be one entry per combination of app, date, and analytics label.",
                "items" : {
                  "$ref" : "#/components/schemas/GoogleFirebaseFcmDataV1beta1AndroidDeliveryData"
                },
                "type" : "array"
              },
              "nextPageToken" : {
                "description" : "A token, which can be sent as `page_token` to retrieve the next page. If this field is omitted, there are no subsequent pages.",
                "type" : "string"
              }
            },
            "type" : "object"
          }
        }
      }
    }
  } ]
}