{
  "mappings" : [ {
    "id" : "4442d148-7fe8-44ac-91b9-73c9939d5742",
    "name" : "List aggregate delivery data for the given Android application.",
    "request" : {
      "urlPath" : "/v1beta1/oqjdgl1l7avn016xxzvcqp5a93t5zzecsthw5i51nfcn9kycadkw17y82cxrq67b4vl0mfv5f2d0qhabhz1hltjmlfz9jqm8e44hfi5fuplr0fp7kaaq399ybny23hv7cqp7u1phqow8rslylagla54z65anpkm0sb4dyurq/deliveryData",
      "method" : "GET"
    },
    "response" : {
      "status" : 200,
      "body" : "{\n  \"nextPageToken\" : \"loiqmaemhaik4y48afhlfl2g6dyibdx2mrznsfwom3bb3td4noipmwffy0ewxjztb7k8d1hn4xiadfuuy004hn12g722lej09wt1dehirmv4cbeya7l1emrnxrof7t9u6yf7nn7e8h1e6ybgh19sawzjau74qsdcv1l13j1qe6kpvjfs3ziaotwdii40\",\n  \"androidDeliveryData\" : [ {\n    \"date\" : {\n      \"month\" : 1448254056,\n      \"year\" : 1203806761,\n      \"day\" : 1411374290\n    },\n    \"data\" : {\n      \"countMessagesAccepted\" : \"too0h7m21j1pw54knosahlrpiawsf2fo5zj5bmpeckc2q76b6vqpcjm9u7psdrzv4kegpv2iasjzdgen56yd5s2umxl2ldtfr182bqhdyxwzpn2uar0q0t1r3crqpgnyggiekyyyld5j1ydx8dbf66l6s6guovr3n9gt201\",\n      \"messageOutcomePercents\" : {\n        \"droppedTooManyPendingMessages\" : 2.336866130265792E38,\n        \"pending\" : 3.2774053726585244E38,\n        \"droppedAppForceStopped\" : 1.0740024674219819E38,\n        \"delivered\" : 1.2534258441600662E38,\n        \"droppedDeviceInactive\" : 1.388960784069253E38\n      },\n      \"deliveryPerformancePercents\" : {\n        \"deliveredNoDelay\" : 1.9080617833434755E38,\n        \"delayedUserStopped\" : 1.393869614070461E38,\n        \"delayedMessageThrottled\" : 1.886746050572643E38,\n        \"delayedDeviceDoze\" : 2.5017304614913756E38,\n        \"delayedDeviceOffline\" : 3.043195353829952E38\n      },\n      \"messageInsightPercents\" : {\n        \"priorityLowered\" : 4.352175583555928E37\n      }\n    },\n    \"analyticsLabel\" : \"doloremque\",\n    \"appId\" : \"81il\"\n  }, {\n    \"date\" : {\n      \"month\" : 1114930004,\n      \"year\" : 487580004,\n      \"day\" : 653743367\n    },\n    \"data\" : {\n      \"countMessagesAccepted\" : \"q1kqwyhmvj07gk4jtiwrg9gfnjd387e8gx04u78yfho1o1xo051sjb1vrgx4byjxabaw76pzzps6j23e5ku1ilxx6tmooyw487mr2s96dwn42uz00unzaoo8kqwxib\",\n      \"messageOutcomePercents\" : {\n        \"droppedTooManyPendingMessages\" : 3.797141514107029E35,\n        \"pending\" : 1.757230133678627E38,\n        \"droppedAppForceStopped\" : 3.0343754745683414E38,\n        \"delivered\" : 4.0289219539032153E37,\n        \"droppedDeviceInactive\" : 2.064361672745957E38\n      },\n      \"deliveryPerformancePercents\" : {\n        \"deliveredNoDelay\" : 1.822978664795828E38,\n        \"delayedUserStopped\" : 2.375398014058188E38,\n        \"delayedMessageThrottled\" : 1.985022480198214E38,\n        \"delayedDeviceDoze\" : 1.199044328279096E38,\n        \"delayedDeviceOffline\" : 1.1419718478419588E38\n      },\n      \"messageInsightPercents\" : {\n        \"priorityLowered\" : 1.2006174707925027E38\n      }\n    },\n    \"analyticsLabel\" : \"eeeet\",\n    \"appId\" : \"3mp1\"\n  }, {\n    \"date\" : {\n      \"month\" : 889585726,\n      \"year\" : 761231984,\n      \"day\" : 363859361\n    },\n    \"data\" : {\n      \"countMessagesAccepted\" : \"wtrgee3uv98bxukjovtr9ob0hj338r8g9epeow313g9j6qe16vgppgnacq\",\n      \"messageOutcomePercents\" : {\n        \"droppedTooManyPendingMessages\" : 2.6051272135430284E38,\n        \"pending\" : 2.9225378400577134E37,\n        \"droppedAppForceStopped\" : 8.649078758039727E37,\n        \"delivered\" : 4.100256781072208E37,\n        \"droppedDeviceInactive\" : 2.8957362793908732E38\n      },\n      \"deliveryPerformancePercents\" : {\n        \"deliveredNoDelay\" : 2.7567228306295522E38,\n        \"delayedUserStopped\" : 1.768106681581286E38,\n        \"delayedMessageThrottled\" : 1.6292671823768691E38,\n        \"delayedDeviceDoze\" : 1.7091232605107756E38,\n        \"delayedDeviceOffline\" : 1.6944455371697643E38\n      },\n      \"messageInsightPercents\" : {\n        \"priorityLowered\" : 2.6748215883404573E38\n      }\n    },\n    \"analyticsLabel\" : \"aut\",\n    \"appId\" : \"66h1\"\n  }, {\n    \"date\" : {\n      \"month\" : 477887050,\n      \"year\" : 1248578213,\n      \"day\" : 2078825766\n    },\n    \"data\" : {\n      \"countMessagesAccepted\" : \"6s1y6yzqf7uisk3uan4vl896ivas8b7kfm1xu1jzlkg9ijvlxnz1roanncpcglx5gpk6zz3w1x8nld1txhn6r8adrftc8gfxdixtcy7dlbrn2mfi0w4fa0zyhkp13\",\n      \"messageOutcomePercents\" : {\n        \"droppedTooManyPendingMessages\" : 1.9142045007050593E38,\n        \"pending\" : 2.4383231074724878E38,\n        \"droppedAppForceStopped\" : 2.7875084712389062E38,\n        \"delivered\" : 3.0032948090554434E38,\n        \"droppedDeviceInactive\" : 9.996547401058292E37\n      },\n      \"deliveryPerformancePercents\" : {\n        \"deliveredNoDelay\" : 2.3031295845906455E38,\n        \"delayedUserStopped\" : 1.9520254575427684E38,\n        \"delayedMessageThrottled\" : 1.256658861745383E38,\n        \"delayedDeviceDoze\" : 3.3528941975802553E38,\n        \"delayedDeviceOffline\" : 2.1072460195295073E38\n      },\n      \"messageInsightPercents\" : {\n        \"priorityLowered\" : 2.234523136748255E38\n      }\n    },\n    \"analyticsLabel\" : \"omnis\",\n    \"appId\" : \"9jdt\"\n  }, {\n    \"date\" : {\n      \"month\" : 734529216,\n      \"year\" : 421112596,\n      \"day\" : 434317579\n    },\n    \"data\" : {\n      \"countMessagesAccepted\" : \"hp0d05b749t541stuli50pnti3030pc8ly37eozhxd705nwgqc8c2ytx7s2mpz1cxllp1shpfnesnytfg7gavaq6rpzd3d23ae4jxpucm066sjbasfxlfkt0bcrm4a3jvoladi\",\n      \"messageOutcomePercents\" : {\n        \"droppedTooManyPendingMessages\" : 1.0270517412805965E38,\n        \"pending\" : 1.7430176032876696E37,\n        \"droppedAppForceStopped\" : 1.5729801378287405E38,\n        \"delivered\" : 6.572141035454691E37,\n        \"droppedDeviceInactive\" : 3.1863873678357932E38\n      },\n      \"deliveryPerformancePercents\" : {\n        \"deliveredNoDelay\" : 4.538962664171789E37,\n        \"delayedUserStopped\" : 3.383930063286111E38,\n        \"delayedMessageThrottled\" : 1.5037607518030892E38,\n        \"delayedDeviceDoze\" : 8.34889235360358E37,\n        \"delayedDeviceOffline\" : 4.298868280830996E37\n      },\n      \"messageInsightPercents\" : {\n        \"priorityLowered\" : 1.8483757432824974E38\n      }\n    },\n    \"analyticsLabel\" : \"quia\",\n    \"appId\" : \"2k8p\"\n  }, {\n    \"date\" : {\n      \"month\" : 216849840,\n      \"year\" : 1374768527,\n      \"day\" : 925968287\n    },\n    \"data\" : {\n      \"countMessagesAccepted\" : \"a204hk3fc0emcvt0zhdmag\",\n      \"messageOutcomePercents\" : {\n        \"droppedTooManyPendingMessages\" : 1.991950573505967E38,\n        \"pending\" : 2.5813431317442978E38,\n        \"droppedAppForceStopped\" : 1.4533648963700966E38,\n        \"delivered\" : 1.3454151653983889E38,\n        \"droppedDeviceInactive\" : 1.1640232776565784E38\n      },\n      \"deliveryPerformancePercents\" : {\n        \"deliveredNoDelay\" : 5.002353234832156E37,\n        \"delayedUserStopped\" : 1.1619447890491453E37,\n        \"delayedMessageThrottled\" : 2.8984365987593797E38,\n        \"delayedDeviceDoze\" : 9.908135226671216E37,\n        \"delayedDeviceOffline\" : 1.4439062403681412E38\n      },\n      \"messageInsightPercents\" : {\n        \"priorityLowered\" : 3.3738677703800183E38\n      }\n    },\n    \"analyticsLabel\" : \"deserunt\",\n    \"appId\" : \"82jk\"\n  } ]\n}",
      "headers" : {
        "Content-Type" : "application/json"
      }
    },
    "uuid" : "4442d148-7fe8-44ac-91b9-73c9939d5742",
    "persistent" : true,
    "metadata" : {
      "mocklab" : {
        "created" : {
          "at" : "2023-03-13T11:54:24.571299Z",
          "via" : "OAS3_IMPORT"
        },
        "oas" : {
          "operationId" : "fcmdata.projects.androidApps.deliveryData.list",
          "schema" : {
            "description" : "Response message for ListAndroidDeliveryData.",