{
  "mappings" : [ {
    "id" : "78719cbc-090c-4668-8755-96486791df65",
    "name" : "List aggregate delivery data for the given Android application.",
    "request" : {
      "urlPath" : "/v1beta1/y8nv4b4qi6mpfjpcpnikatgrtgpqtlyzfyhzpjf2onzamr5jdu9w1/deliveryData",
      "method" : "GET"
    },
    "response" : {
      "status" : 200,
      "body" : "{\n  \"nextPageToken\" : \"an0gh48l53ec1idztie4ubbtvv6o2u18t706w63xzxqttmw3lg6gaa5v6lz1kx0kmgyoubinxey3juyt6xw542dpcgy41icp46319frm00tppia2g\",\n  \"androidDeliveryData\" : [ {\n    \"date\" : {\n      \"month\" : 1325372298,\n      \"year\" : 412266817,\n      \"day\" : 13063822\n    },\n    \"data\" : {\n      \"countMessagesAccepted\" : \"25iim6rc2qco0ebm0bk1kngj1ink89aip2w9fpeaua36zn1e9361lz767kaw4lld9trfi63u87kb9vedcfn669qdpoujw154hsvkh7qsvfzoc926iwso9rxu6xjg0uyklkphl\",\n      \"messageOutcomePercents\" : {\n        \"droppedTooManyPendingMessages\" : 1.765422854767244E38,\n        \"pending\" : 2.7154318124951423E38,\n        \"droppedAppForceStopped\" : 1.903431354177382E38,\n        \"delivered\" : 6.0330547630913E36,\n        \"droppedDeviceInactive\" : 2.7848912850270872E38\n      },\n      \"deliveryPerformancePercents\" : {\n        \"deliveredNoDelay\" : 1.1060308934181599E38,\n        \"delayedUserStopped\" : 1.1491853132366098E38,\n        \"delayedMessageThrottled\" : 2.577898721489872E38,\n        \"delayedDeviceDoze\" : 7.529465461983853E37,\n        \"delayedDeviceOffline\" : 2.554581414369315E38\n      },\n      \"messageInsightPercents\" : {\n        \"priorityLowered\" : 6.1889928986070595E37\n      }\n    },\n    \"analyticsLabel\" : \"fugit\",\n    \"appId\" : \"rio2\"\n  }, {\n    \"date\" : {\n      \"month\" : 887620796,\n      \"year\" : 937421822,\n      \"day\" : 538616590\n    },\n    \"data\" : {\n      \"countMessagesAccepted\" : \"qzaqz1ule19xu7osagqf2ec6e265ukvavgpa4al263aacw0d6stwt1ohn0y0huqd78ch3nz42dxsc00v7cqrsl16er1271jnp\",\n      \"messageOutcomePercents\" : {\n        \"droppedTooManyPendingMessages\" : 6.62705089021464E36,\n        \"pending\" : 2.1786386625928494E38,\n        \"droppedAppForceStopped\" : 1.4424377441116783E37,\n        \"delivered\" : 7.15471941359134E37,\n        \"droppedDeviceInactive\" : 2.6835003804427256E38\n      },\n      \"deliveryPerformancePercents\" : {\n        \"deliveredNoDelay\" : 1.475226599588921E38,\n        \"delayedUserStopped\" : 9.55364917081675E37,\n        \"delayedMessageThrottled\" : 1.6885429854651974E37,\n        \"delayedDeviceDoze\" : 9.90275913231031E37,\n        \"delayedDeviceOffline\" : 3.6247859397715075E37\n      },\n      \"messageInsightPercents\" : {\n        \"priorityLowered\" : 1.8318478199890914E38\n      }\n    },\n    \"analyticsLabel\" : \"aut\",\n    \"appId\" : \"v2xv\"\n  }, {\n    \"date\" : {\n      \"month\" : 1578360545,\n      \"year\" : 1057956109,\n      \"day\" : 835207935\n    },\n    \"data\" : {\n      \"countMessagesAccepted\" : \"xe58rmhxp1proeb8t4ilp2ssf59499nhr4lt\",\n      \"messageOutcomePercents\" : {\n        \"droppedTooManyPendingMessages\" : 1.4393001708479691E38,\n        \"pending\" : 2.0863815969829344E38,\n        \"droppedAppForceStopped\" : 3.187464131990756E38,\n        \"delivered\" : 5.1305891453210665E37,\n        \"droppedDeviceInactive\" : 6.738987433884916E37\n      },\n      \"deliveryPerformancePercents\" : {\n        \"deliveredNoDelay\" : 2.6923564898068256E38,\n        \"delayedUserStopped\" : 1.6174755984301236E38,\n        \"delayedMessageThrottled\" : 2.3239307285568647E38,\n        \"delayedDeviceDoze\" : 1.984824061945891E38,\n        \"delayedDeviceOffline\" : 3.1541763110294006E38\n      },\n      \"messageInsightPercents\" : {\n        \"priorityLowered\" : 2.7894671748450423E38\n      }\n    },\n    \"analyticsLabel\" : \"cum\",\n    \"appId\" : \"fkp4\"\n  }, {\n    \"date\" : {\n      \"month\" : 355793811,\n      \"year\" : 95020373,\n      \"day\" : 212870020\n    },\n    \"data\" : {\n      \"countMessagesAccepted\" : \"6danv2meegd5ydvzf33bllkqnj0bkt7sgbmupj3a1wan0zlg0qozx83ouc1kqufnb86kzv2olcge0ya2reypraidxs8zj2310ksv1uq5coxqrwe9pa2phc0lkttdesnbc2ey60z30sbc3nguy374ij2zfk8zst44evb866bqynhezqhc5lxsngs7pp\",\n      \"messageOutcomePercents\" : {\n        \"droppedTooManyPendingMessages\" : 3.1293998453344854E38,\n        \"pending\" : 1.6787625012467475E38,\n        \"droppedAppForceStopped\" : 2.0894553527565493E38,\n        \"delivered\" : 9.000248598182078E37,\n        \"droppedDeviceInactive\" : 1.2945541162231712E38\n      },\n      \"deliveryPerformancePercents\" : {\n        \"deliveredNoDelay\" : 2.376920841627242E38,\n        \"delayedUserStopped\" : 2.0757538099834278E38,\n        \"delayedMessageThrottled\" : 2.676753320512166E38,\n        \"delayedDeviceDoze\" : 3.241166841785641E38,\n        \"delayedDeviceOffline\" : 1.4156338441601938E38\n      },\n      \"messageInsightPercents\" : {\n        \"priorityLowered\" : 2.2849867213461123E38\n      }\n    },\n    \"analyticsLabel\" : \"dolore\",\n    \"appId\" : \"9fd0\"\n  } ]\n}",
      "headers" : {
        "Content-Type" : "application/json"
      }
    },
    "uuid" : "78719cbc-090c-4668-8755-96486791df65",
    "persistent" : true,
    "metadata" : {
      "mocklab" : {
        "created" : {
          "at" : "2023-03-06T17:28:25.740997Z",
          "via" : "OAS3_IMPORT"
        },
        "oas" : {
          "operationId" : "fcmdata.projects.androidApps.deliveryData.list",
          "schema" : {
            "description" : "Response message for ListAndroidDeliveryData.",
            "properties" : {
              "androidDeliveryData" : {
                "description" : "The delivery data for the provided app. There will be one entry per combination of app, date, and analytics label.",
                "items" : {
                  "$ref" : "#/components/schemas/GoogleFirebaseFcmDataV1beta1AndroidDeliveryData"
                },
                "type" : "array"
              },
              "nextPageToken" : {
                "description" : "A token, which can be sent as `page_token` to retrieve the next page. If this field is omitted, there are no subsequent pages.",
                "type" : "string"
              }
            },
            "type" : "object"
          }
        }
      }
    }
  } ]
}