{
  "mappings" : [ {
    "id" : "4df7b7d1-5001-4a90-a15a-1235738df49f",
    "name" : "List aggregate delivery data for the given Android application.",
    "request" : {
      "urlPath" : "/v1beta1/fa59iyhup6awi1nl2xfglllt7it7i5svr1oo8vb68whzzqfhmrfzzv34m9pmqism3new251v0ul99/deliveryData",
      "method" : "GET"
    },
    "response" : {
      "status" : 200,
      "body" : "{\n  \"nextPageToken\" : \"92h8i9th70j4j8zpjwjf9v81ca156hbwv6dpbvqgmxkj7930krsu1vgqx8qf7sotldsfveoo279sz4m5gpupmma7u88x2b5onx2jmmgvofdgbkvye0ovwrcca43n32zweyuokewo74dr6f2ey67w3kw11jd365kgtq17kwqmjitwmbws\",\n  \"androidDeliveryData\" : [ {\n    \"date\" : {\n      \"month\" : 378962976,\n      \"year\" : 261909172,\n      \"day\" : 1578284950\n    },\n    \"data\" : {\n      \"countMessagesAccepted\" : \"6i52fyw1r5nc0haj2a74tnxzlfintyqvztp72qwep45yfs4qhe6j07zpyvs2wikn4w42\",\n      \"messageOutcomePercents\" : {\n        \"droppedTooManyPendingMessages\" : 7.202800684760184E37,\n        \"pending\" : 1.0512499973739668E38,\n        \"droppedAppForceStopped\" : 4.85753864960967E37,\n        \"delivered\" : 2.134672908066106E38,\n        \"droppedDeviceInactive\" : 2.9031499363226106E38\n      },\n      \"deliveryPerformancePercents\" : {\n        \"deliveredNoDelay\" : 2.0221239736568576E38,\n        \"delayedUserStopped\" : 4.46646678807543E37,\n        \"delayedMessageThrottled\" : 7.755720713579994E37,\n        \"delayedDeviceDoze\" : 2.5701194654870436E38,\n        \"delayedDeviceOffline\" : 1.9195266725334937E38\n      },\n      \"messageInsightPercents\" : {\n        \"priorityLowered\" : 2.14153714600905E38\n      }\n    },\n    \"analyticsLabel\" : \"eeeet\",\n    \"appId\" : \"v1q6\"\n  }, {\n    \"date\" : {\n      \"month\" : 1106391598,\n      \"year\" : 274521161,\n      \"day\" : 1419469262\n    },\n    \"data\" : {\n      \"countMessagesAccepted\" : \"iu6y78cofopetqdii6bt9rcm7droypaiab88xxb7cfcevnm4ohrl2tfkxqfsqjxfot8hhca5436qhbb9os7miqbf17w026zeedkfiscqkpy44166c1mb1uhnajwui0rmywivl16t9dwy3x1b1cvcoh8j6vp07v2gd1xu500rlmh6bz1zsjgp6g\",\n      \"messageOutcomePercents\" : {\n        \"droppedTooManyPendingMessages\" : 1.0851582299413034E38,\n        \"pending\" : 1.72191768946315E38,\n        \"droppedAppForceStopped\" : 3.2440653260413986E38,\n        \"delivered\" : 6.662763687101321E37,\n        \"droppedDeviceInactive\" : 7.82565387195283E37\n      },\n      \"deliveryPerformancePercents\" : {\n        \"deliveredNoDelay\" : 3.173126765698756E38,\n        \"delayedUserStopped\" : 2.1093191455762415E38,\n        \"delayedMessageThrottled\" : 3.0742841770269546E38,\n        \"delayedDeviceDoze\" : 2.1091064235915212E38,\n        \"delayedDeviceOffline\" : 1.1530316222752245E38\n      },\n      \"messageInsightPercents\" : {\n        \"priorityLowered\" : 1.795133091013725E38\n      }\n    },\n    \"analyticsLabel\" : \"sit\",\n    \"appId\" : \"g764\"\n  }, {\n    \"date\" : {\n      \"month\" : 2081100948,\n      \"year\" : 538460535,\n      \"day\" : 1937614854\n    },\n    \"data\" : {\n      \"countMessagesAccepted\" : \"efam8l9jqo8jgfzo5mrlo0ws5rc11cmt24u1ba3gxkbwcn2hhq6v4bal9y7s748biofy4tqe0vynq8k1uz6ooblrwzo8bnsq2j45on8ngqjth92c54k6odfs21hhkz9qacse5dha8odx66vqa2ovsvnyqo9zjhjkx7ls114nlazpey0k\",\n      \"messageOutcomePercents\" : {\n        \"droppedTooManyPendingMessages\" : 2.533169328521296E38,\n        \"pending\" : 2.730069585077962E37,\n        \"droppedAppForceStopped\" : 3.4344610983545784E37,\n        \"delivered\" : 8.604034726776773E37,\n        \"droppedDeviceInactive\" : 9.744944814149338E37\n      },\n      \"deliveryPerformancePercents\" : {\n        \"deliveredNoDelay\" : 1.4604378753510324E38,\n        \"delayedUserStopped\" : 1.992146560387827E38,\n        \"delayedMessageThrottled\" : 2.9834920426410795E38,\n        \"delayedDeviceDoze\" : 7.926699590595863E36,\n        \"delayedDeviceOffline\" : 3.337733280933698E38\n      },\n      \"messageInsightPercents\" : {\n        \"priorityLowered\" : 8.145095741528189E36\n      }\n    },\n    \"analyticsLabel\" : \"nulla\",\n    \"appId\" : \"5c52\"\n  }, {\n    \"date\" : {\n      \"month\" : 311393986,\n      \"year\" : 114542181,\n      \"day\" : 744426875\n    },\n    \"data\" : {\n      \"countMessagesAccepted\" : \"zuhiupr4efr8p9334q3\",\n      \"messageOutcomePercents\" : {\n        \"droppedTooManyPendingMessages\" : 3.097361926995451E38,\n        \"pending\" : 8.561913599752321E37,\n        \"droppedAppForceStopped\" : 1.4304409534571754E38,\n        \"delivered\" : 3.0776612896853123E38,\n        \"droppedDeviceInactive\" : 2.147422626797939E38\n      },\n      \"deliveryPerformancePercents\" : {\n        \"deliveredNoDelay\" : 1.985203488466553E38,\n        \"delayedUserStopped\" : 3.099649392595292E38,\n        \"delayedMessageThrottled\" : 3.1751494832650142E38,\n        \"delayedDeviceDoze\" : 1.182779307622201E38,\n        \"delayedDeviceOffline\" : 1.368549708673231E38\n      },\n      \"messageInsightPercents\" : {\n        \"priorityLowered\" : 3.3568576363207345E38\n      }\n    },\n    \"analyticsLabel\" : \"asperiores\",\n    \"appId\" : \"5i0k\"\n  }, {\n    \"date\" : {\n      \"month\" : 438495470,\n      \"year\" : 835057409,\n      \"day\" : 1344234342\n    },\n    \"data\" : {\n      \"countMessagesAccepted\" : \"u6wz3onvkbowklqdq81pehetucxr91kcazdg0c8dzdjavg5fc4ez94kdztl5at9ucd3hef9xs5koszaj2rymwk2tcg0sp8ntfua7e97dym6u0e51jh0iil\",\n      \"messageOutcomePercents\" : {\n        \"droppedTooManyPendingMessages\" : 3.065341975395841E38,\n        \"pending\" : 1.5754496240058373E38,\n        \"droppedAppForceStopped\" : 1.158866495304783E38,\n        \"delivered\" : 1.3810256921165242E38,\n        \"droppedDeviceInactive\" : 2.7861408476910177E38\n      },\n      \"deliveryPerformancePercents\" : {\n        \"deliveredNoDelay\" : 2.4012130650155624E38,\n        \"delayedUserStopped\" : 3.0994017260207916E38,\n        \"delayedMessageThrottled\" : 1.7765763530215455E38,\n        \"delayedDeviceDoze\" : 1.099110985945785E38,\n        \"delayedDeviceOffline\" : 1.9505367020788436E38\n      },\n      \"messageInsightPercents\" : {\n        \"priorityLowered\" : 2.3611213711688565E38\n      }\n    },\n    \"analyticsLabel\" : \"eeeet\",\n    \"appId\" : \"53c3\"\n  }, {\n    \"date\" : {\n      \"month\" : 1578073883,\n      \"year\" : 755998713,\n      \"day\" : 757982314\n    },\n    \"data\" : {\n      \"countMessagesAccepted\" : \"h78n0wp4m82n2d1ecisg1hej91mg1cl\",\n      \"messageOutcomePercents\" : {\n        \"droppedTooManyPendingMessages\" : 4.293702741665635E37,\n        \"pending\" : 3.3193151278296787E38,\n        \"droppedAppForceStopped\" : 8.300809231914561E37,\n        \"delivered\" : 3.1068666877653716E38,\n        \"droppedDeviceInactive\" : 8.442746391854732E37\n      },\n      \"deliveryPerformancePercents\" : {\n        \"deliveredNoDelay\" : 2.026351118525443E38,\n        \"delayedUserStopped\" : 1.4425373611300698E38,\n        \"delayedMessageThrottled\" : 1.5738642855966048E38,\n        \"delayedDeviceDoze\" : 7.972617858897757E36,\n        \"delayedDeviceOffline\" : 2.058258390318117E38\n      },\n      \"messageInsightPercents\" : {\n        \"priorityLowered\" : 8.519840744972563E37\n      }\n    },\n    \"analyticsLabel\" : \"aaaa\",\n    \"appId\" : \"i0a3\"\n  }, {\n    \"date\" : {\n      \"month\" : 1475888020,\n      \"year\" : 808488284,\n      \"day\" : 108063370\n    },\n    \"data\" : {\n      \"countMessagesAccepted\" : \"92f3laoy1bnyhp737sarbxsev6ix96c3prdvlco16f4sxcgdkkqlosza0i0ssb3oskwzreng80dfw7jdeqmdx1k68xkkwq6p2ny8sfv8u18z2jvn6lereckoqebm\",\n      \"messageOutcomePercents\" : {\n        \"droppedTooManyPendingMessages\" : 1.6745853079090783E38,\n        \"pending\" : 2.8708013727769716E38,\n        \"droppedAppForceStopped\" : 2.3182690907895976E37,\n        \"delivered\" : 1.5208923568228148E38,\n        \"droppedDeviceInactive\" : 3.311726428043936E38\n      },\n      \"deliveryPerformancePercents\" : {\n        