{
  "mappings" : [ {
    "id" : "d9544d27-90bf-45da-8b9e-ef45f3490311",
    "name" : "List aggregate delivery data for the given Android application.",
    "request" : {
      "urlPath" : "/v1beta1/tt02rfnuuh7h00n2pwkosfzx6oouhcmcq5zq4n47oo9jaefeaw0t4wdaxtvqumbakq00v2fwh0e3ml7np479einksazrvne7ycibbcdx7n2mdh29gqmwgep0/deliveryData",
      "method" : "GET"
    },
    "response" : {
      "status" : 200,
      "body" : "{\n  \"nextPageToken\" : \"7yejg3v0qdwq8fck3pfw48yhk87m6mi0ah6qkxdkcnyx98du1h64skkl1dx4loe8fnhc5n7we9pzuv6h6dmlouv8b010156nanbsljsiu53trs42oevtlzgy67nd3unfjtwakm1xtl6eaezllamuijaiyoj39ygeml4f0b2sewkv16q227p4jliu2\",\n  \"androidDeliveryData\" : [ {\n    \"date\" : {\n      \"month\" : 723004257,\n      \"year\" : 830353168,\n      \"day\" : 437174738\n    },\n    \"data\" : {\n      \"countMessagesAccepted\" : \"9zmywso8na6wyygwqe0x7wg2ww17qfpgla36fx3j3wqhexnpqxcmjl5pbajmc\",\n      \"messageOutcomePercents\" : {\n        \"droppedTooManyPendingMessages\" : 1.70635934826719E38,\n        \"pending\" : 3.5586977753379506E35,\n        \"droppedAppForceStopped\" : 6.769235818471596E37,\n        \"delivered\" : 7.541051895304109E37,\n        \"droppedDeviceInactive\" : 3.2720904329573502E38\n      },\n      \"deliveryPerformancePercents\" : {\n        \"deliveredNoDelay\" : 1.4522902896170492E38,\n        \"delayedUserStopped\" : 1.0647552126761037E38,\n        \"delayedMessageThrottled\" : 3.1723772666818733E38,\n        \"delayedDeviceDoze\" : 5.518838448277736E37,\n        \"delayedDeviceOffline\" : 7.397099109725234E37\n      },\n      \"messageInsightPercents\" : {\n        \"priorityLowered\" : 6.854727778823524E37\n      }\n    },\n    \"analyticsLabel\" : \"cupiditate\",\n    \"appId\" : \"4ieh\"\n  }, {\n    \"date\" : {\n      \"month\" : 1873385733,\n      \"year\" : 877882168,\n      \"day\" : 2088173726\n    },\n    \"data\" : {\n      \"countMessagesAccepted\" : \"1mrn382zdpsw3tqn0vhnkalcbi5pwa52g43fy69w9cwtcveqyp61pql8incjfltummkkulu4jgn9vvot4nfii98ppenpok2tlv1pll9z4732qygklriungq89vmem07ypyjsafszz\",\n      \"messageOutcomePercents\" : {\n        \"droppedTooManyPendingMessages\" : 1.951659022271E38,\n        \"pending\" : 4.462785205297066E37,\n        \"droppedAppForceStopped\" : 1.523397112264999E36,\n        \"delivered\" : 3.62928766375024E37,\n        \"droppedDeviceInactive\" : 3.0888002632033283E38\n      },\n      \"deliveryPerformancePercents\" : {\n        \"deliveredNoDelay\" : 2.784607683228383E38,\n        \"delayedUserStopped\" : 1.762659212455861E38,\n        \"delayedMessageThrottled\" : 2.9379430971570495E38,\n        \"delayedDeviceDoze\" : 3.060141456480103E38,\n        \"delayedDeviceOffline\" : 3.08521912541137E38\n      },\n      \"messageInsightPercents\" : {\n        \"priorityLowered\" : 1.6681411549441611E38\n      }\n    },\n    \"analyticsLabel\" : \"qui\",\n    \"appId\" : \"76zw\"\n  } ]\n}",
      "headers" : {
        "Content-Type" : "application/json"
      }
    },
    "uuid" : "d9544d27-90bf-45da-8b9e-ef45f3490311",
    "persistent" : true,
    "metadata" : {
      "mocklab" : {
        "created" : {
          "at" : "2023-03-06T18:54:49.126756Z",
          "via" : "OAS3_IMPORT"
        },
        "oas" : {
          "operationId" : "fcmdata.projects.androidApps.deliveryData.list",
          "schema" : {
            "description" : "Response message for ListAndroidDeliveryData.",
            "properties" : {
              "androidDeliveryData" : {
                "description" : "The delivery data for the provided app. There will be one entry per combination of app, date, and analytics label.",
                "items" : {
                  "$ref" : "#/components/schemas/GoogleFirebaseFcmDataV1beta1AndroidDeliveryData"
                },
                "type" : "array"
              },
              "nextPageToken" : {
                "description" : "A token, which can be sent as `page_token` to retrieve the next page. If this field is omitted, there are no subsequent pages.",
                "type" : "string"
              }
            },
            "type" : "object"
          }
        }
      }
    }
  } ]
}