{
  "mappings" : [ {
    "id" : "b178b7cc-1565-4937-b06b-f7120d5630f7",
    "name" : "List aggregate delivery data for the given Android application.",
    "request" : {
      "urlPath" : "/v1beta1/4w0nnbuvbd0b6o0gzl52vi8eihkroby763cq0ukfkitbo7av8uamvepbmttdgs9cd37txjwinmz8z5rmdihjyhet2m98o493hk21um7oxppw3izh6xiwm838azvi1/deliveryData",
      "method" : "GET"
    },
    "response" : {
      "status" : 200,
      "body" : "{\n  \"nextPageToken\" : \"01h0mr852bonnswg30ysat7ltx9jm7bf6mcw664q3ige1jpz3kxjx32nq43uemxkce7zlhbapmax7ku3pxibi76q7muuvxuwbys80rud6uigllgrqh7frycboug0vqm2ft90pakc\",\n  \"androidDeliveryData\" : [ {\n    \"date\" : {\n      \"month\" : 1069169344,\n      \"year\" : 1064303651,\n      \"day\" : 1464213786\n    },\n    \"data\" : {\n      \"countMessagesAccepted\" : \"335s9ivmywxmn63f0v8556wdjjjkq71m57owz33mrf1iu7waids5z4rxs1m2ftendta5wpyon9pqmv3hsrdtat3n9f41fnx1e8oqm27a25i67law9wh3v932261exbxuocypgsbzjrw9p3gfukq8m66l0l5kzzqt4q3elcseajmkrj96i84u7mq26gvo480\",\n      \"messageOutcomePercents\" : {\n        \"droppedTooManyPendingMessages\" : 6.278373805154726E37,\n        \"pending\" : 1.2131183099603196E37,\n        \"droppedAppForceStopped\" : 1.6763343693407057E38,\n        \"delivered\" : 2.416419134582206E38,\n        \"droppedDeviceInactive\" : 2.229970210675665E38\n      },\n      \"deliveryPerformancePercents\" : {\n        \"deliveredNoDelay\" : 1.724738898879895E38,\n        \"delayedUserStopped\" : 4.587422570197407E37,\n        \"delayedMessageThrottled\" : 3.1920875593766577E38,\n        \"delayedDeviceDoze\" : 1.03673273724002E38,\n        \"delayedDeviceOffline\" : 2.8007319148667765E38\n      },\n      \"messageInsightPercents\" : {\n        \"priorityLowered\" : 3.3163284892761906E38\n      }\n    },\n    \"analyticsLabel\" : \"unde\",\n    \"appId\" : \"59s0\"\n  }, {\n    \"date\" : {\n      \"month\" : 627034150,\n      \"year\" : 542706686,\n      \"day\" : 360140422\n    },\n    \"data\" : {\n      \"countMessagesAccepted\" : \"lj5a2vbprf2h10q2pt9savsecfa9xq7k1g90l61x49c0fxgx78bg2cwjynqvq4tsv9u8m9fc9\",\n      \"messageOutcomePercents\" : {\n        \"droppedTooManyPendingMessages\" : 3.1311690193971556E38,\n        \"pending\" : 6.6621926334487E37,\n        \"droppedAppForceStopped\" : 3.1305247680404754E38,\n        \"delivered\" : 2.5652333105815956E38,\n        \"droppedDeviceInactive\" : 2.282488500321237E37\n      },\n      \"deliveryPerformancePercents\" : {\n        \"deliveredNoDelay\" : 3.0638860256455496E38,\n        \"delayedUserStopped\" : 2.972849016630588E38,\n        \"delayedMessageThrottled\" : 5.347998762775976E37,\n        \"delayedDeviceDoze\" : 2.3228037062309184E38,\n        \"delayedDeviceOffline\" : 4.280405816729132E37\n      },\n      \"messageInsightPercents\" : {\n        \"priorityLowered\" : 8.571537195244727E37\n      }\n    },\n    \"analyticsLabel\" : \"unde\",\n    \"appId\" : \"lhfd\"\n  } ]\n}",
      "headers" : {
        "Content-Type" : "application/json"
      }
    },
    "uuid" : "b178b7cc-1565-4937-b06b-f7120d5630f7",
    "persistent" : true,
    "metadata" : {
      "mocklab" : {
        "created" : {
          "at" : "2023-03-28T09:23:32.966688Z",
          "via" : "OAS3_IMPORT"
        },
        "oas" : {
          "operationId" : "fcmdata.projects.androidApps.deliveryData.list",
          "schema" : {
            "description" : "Response message for ListAndroidDeliveryData.",
            "properties" : {
              "androidDeliveryData" : {
                "description" : "The delivery data for the provided app. There will be one entry per combination of app, date, and analytics label.",
                "items" : {
                  "$ref" : "#/components/schemas/GoogleFirebaseFcmDataV1beta1AndroidDeliveryData"
                },
                "type" : "array"
              },
              "nextPageToken" : {
                "description" : "A token, which can be sent as `page_token` to retrieve the next page. If this field is omitted, there are no subsequent pages.",
                "type" : "string"
              }
            },
            "type" : "object"
          }
        }
      }
    },
    "insertionIndex" : 0
  } ]
}